sum,ws,pct
266635854489.0,108812952431.0,0.40809572530872457
291190592733.0,123279325986.0,0.4233630105593347
310793148593.0,133607081628.0,0.42989069171201555
