sum,ws,pct
239249765735.0,90045173669.0,0.37636473077568927
266635854489.0,107645997290.0,0.40371913783425895
291190592733.0,121080845130.0,0.4158130384418774
310793148593.0,130920553802.0,0.4212465892336879
