sum,ws,pct
266635854489.0,109154283121.0,0.40937586331062287
291190592733.0,123860245478.0,0.4253579908454343
310793148593.0,133703522273.0,0.4302009966380945
