sum,ws,pct
271691839421.0,112488950606.0,0.41403139249866383
303203793775.0,128572428630.0,0.42404623975586003
332539422771.0,142245411353.0,0.4277550317724461
