sum,ws,pct
266635854489.0,107315267455.0,0.4024787576324521
291190592733.0,164199393771.0,0.5638897611007597
310793148593.0,174412798707.0,0.5611861120381477
