sum,ws,pct
266635854489.0,110078358600.0,0.41284154680158086
291190592733.0,165941209775.0,0.5698714653435102
310793148593.0,175294159714.0,0.5640219564285085
