sum,ws,pct
239085249183.0,91006360239.0,0.38064397761880386
271691839421.0,111443192109.0,0.41018233137401394
303203793775.0,126986236270.0,0.4188148000688716
332539422771.0,141141236740.0,0.4244345995548189
