sum,ws,pct
271691839421.0,104286091912.0,0.38383961820216295
303203793775.0,163798868530.0,0.5402269756939488
332539422771.0,172064975292.0,0.5174272988694362
