sum,ws,pct
239249765735.0,89984342486.0,0.3761104727085471
266635854489.0,107228923777.0,0.402154931423237
291190592733.0,120695000672.0,0.414487980326577
310793148593.0,131437570186.0,0.4229101277844591
